PlayerID,TotalMatches,DuelistMatches,StrategistMatches,VanguardMatches,PrimaryPlaystyle,DuelistTimeSpent,DuelistWinRate,StrategistTimeSpent,StrategistWinRate,VanguardTimeSpent,VanguardWinRate,Aggressive_prop,Defensive_prop,Supportive_prop,Aggressive_count,Defensive_count,Supportive_count
142347,130,16,98,16,Supportive,83.27,22.68,879.07,73.6,103.11,40.61,0.123076923,0.123076923,0.753846154,16,16,98
106403,136,10,31,95,Defensive,56.88,22.4,268.75,66.51,387.57,50.07,0.073529412,0.698529412,0.227941176,10,95,31
992416,198,194,2,2,Aggressive,1034.32,73.05,13.99,33.41,19.52,76.09,0.97979798,0.01010101,0.01010101,194,2,2
829002,92,22,2,68,Defensive,141.41,34.21,8.67,47.4,282.26,60.15,0.239130435,0.739130435,0.02173913,22,68,2
839134,81,55,23,3,Aggressive,456.65,26.35,223.82,63.37,21.39,37.45,0.679012346,0.037037037,0.283950617,55,3,23
278450,87,9,63,15,Supportive,51.46,23.47,576.01,65.7,122.23,49.01,0.103448276,0.172413793,0.724137931,9,15,63
161769,168,12,17,139,Defensive,78.05,22.1,87.28,45.02,1367.9,71.26,0.071428571,0.827380952,0.101190476,12,139,17
197599,135,10,52,73,Supportive,54.97,25.68,413.69,110.73,433.14,77.21,0.074074074,0.540740741,0.385185185,10,73,52
217105,195,46,120,29,Supportive,187.33,42.77,481.55,68.82,208.27,41.65,0.235897436,0.148717949,0.615384615,46,29,120
918807,70,18,52,0,Supportive,164.99,37.87,287.66,72.72,0,46.66,0.257142857,0,0.742857143,18,0,52
440795,139,103,26,10,Aggressive,523.33,56.39,132.08,29.45,85.84,49.31,0.741007194,0.071942446,0.18705036,103,10,26
167072,200,74,42,84,Defensive,569.33,27,328.1,62.38,824.18,25.32,0.37,0.42,0.21,74,84,42
860481,189,50,11,128,Defensive,362.99,55.32,109.78,35.2,902,76.65,0.264550265,0.677248677,0.058201058,50,128,11
831142,61,23,16,22,Aggressive,227.41,59.9,83.34,47.34,201.58,26.99,0.37704918,0.360655738,0.262295082,23,22,16
267355,146,24,107,15,Supportive,101.26,44.24,809.6,63.93,68.54,38.67,0.164383562,0.102739726,0.732876712,24,15,107
968744,129,1,47,81,Defensive,5.02,49.64,311.88,79.54,776.04,59.81,0.007751938,0.627906977,0.364341085,1,81,47
220192,150,3,59,88,Defensive,19.68,27.39,259.78,40.43,820.96,73.14,0.02,0.586666667,0.393333333,3,88,59
869221,145,31,61,53,Supportive,180.94,47.51,403.84,61.76,455.66,62.45,0.213793103,0.365517241,0.420689655,31,53,61
481010,133,12,35,86,Defensive,50.16,28.93,299.91,63.58,850.99,58.72,0.090225564,0.646616541,0.263157895,12,86,35
573360,176,12,85,79,Supportive,65.1,41.49,374.24,60.16,754.79,67.91,0.068181818,0.448863636,0.482954545,12,79,85
112765,105,19,71,15,Supportive,110.28,33.86,698.4,22.02,130.06,32.89,0.180952381,0.142857143,0.676190476,19,15,71
126133,71,9,35,27,Supportive,37.07,62.58,226.51,67.3,120.54,23.38,0.126760563,0.38028169,0.492957746,9,27,35
681576,56,6,13,37,Defensive,37.75,34.7,70.33,66.44,152.77,60.98,0.107142857,0.660714286,0.232142857,6,37,13
806515,112,59,48,5,Aggressive,502.63,65.49,210.17,28.72,20.49,34.37,0.526785714,0.044642857,0.428571429,59,5,48
633917,168,48,115,5,Supportive,213.51,58.93,486.53,60.26,30.92,35.98,0.285714286,0.029761905,0.68452381,48,5,115
627694,66,11,16,39,Defensive,46.6,30.89,73.83,42.28,211.12,57.8,0.166666667,0.590909091,0.242424242,11,39,16
703047,108,10,74,24,Supportive,83.29,25.66,680.3,71.04,222.18,54.25,0.092592593,0.222222222,0.685185185,10,24,74
221412,69,45,12,12,Aggressive,436.47,25.86,86.76,34.53,84.45,30.9,0.652173913,0.173913043,0.173913043,45,12,12
865712,87,30,57,0,Supportive,178.7,23.06,367.23,61.07,0,45.98,0.344827586,0,0.655172414,30,0,57
520198,60,52,0,8,Aggressive,310.93,77.29,0,61.17,48.16,36.03,0.866666667,0.133333333,0,52,8,0
843873,179,108,43,28,Aggressive,844.94,51.15,378.67,70.94,163.84,20.68,0.603351955,0.156424581,0.240223464,108,28,43
912442,121,28,91,2,Supportive,145.58,26.67,613,24.78,17.96,39.38,0.231404959,0.016528926,0.752066116,28,2,91
693875,197,160,6,31,Aggressive,1315.23,64.87,34.62,22.17,223.19,53.28,0.812182741,0.157360406,0.030456853,160,31,6
707848,120,68,38,14,Aggressive,445.82,71.61,216.88,78.05,116.59,36.62,0.566666667,0.116666667,0.316666667,68,14,38
177411,73,3,6,64,Defensive,26.66,43.63,24.56,41.78,517.63,72.29,0.04109589,0.876712329,0.082191781,3,64,6
405144,100,6,65,29,Supportive,48.66,59.49,631.62,63.13,216.63,50.03,0.06,0.29,0.65,6,29,65
239917,91,37,31,23,Aggressive,234.05,65.77,189.97,29.28,196.12,20.58,0.406593407,0.252747253,0.340659341,37,23,31
882208,138,110,9,19,Aggressive,746.08,50.74,41.59,39.13,91.68,38.67,0.797101449,0.137681159,0.065217391,110,19,9
464362,129,17,82,30,Supportive,136.52,29.48,655.26,25.56,202.04,47.84,0.131782946,0.23255814,0.635658915,17,30,82
210200,66,46,14,6,Aggressive,373.92,39.43,74.55,65.96,51.34,49.94,0.696969697,0.090909091,0.212121212,46,6,14
465595,129,44,12,73,Aggressive,242.59,92.21,103.63,20.03,690.43,60.33,0.341085271,0.565891473,0.093023256,44,73,12
489801,144,138,4,2,Aggressive,908.24,68.73,20.81,20.02,13.63,32.12,0.958333333,0.013888889,0.027777778,138,2,4
211347,50,21,4,25,Defensive,106.06,32.13,37.89,34.12,202.72,20.16,0.42,0.5,0.08,21,25,4
496323,96,6,89,1,Supportive,55,35.88,391.59,50.64,4.04,49.15,0.0625,0.010416667,0.927083333,6,1,89
959182,162,62,17,83,Defensive,372.77,50.4,107.25,30.58,360.38,70.81,0.382716049,0.512345679,0.104938272,62,83,17
726144,112,43,22,47,Aggressive,193.13,110.96,111.35,45.98,367.18,76.89,0.383928571,0.419642857,0.196428571,43,47,22
965973,141,22,115,4,Supportive,171.81,46.28,693.01,69.49,28.34,56.71,0.156028369,0.028368794,0.815602837,22,4,115
225009,177,113,32,32,Aggressive,630.21,56.55,269.63,65.39,248.42,62.88,0.638418079,0.18079096,0.18079096,113,32,32
423125,161,0,143,18,Supportive,0,49.95,765.95,55.96,174.06,33.31,0,0.111801242,0.888198758,0,18,143
716300,153,35,3,115,Defensive,188.62,58.66,13.22,43.65,993.49,67.15,0.22875817,0.751633987,0.019607843,35,115,3
351676,128,7,76,45,Supportive,52.07,42.73,706.6,77.85,295.01,62.87,0.0546875,0.3515625,0.59375,7,45,76
861689,137,2,10,125,Defensive,16.44,45.68,92.29,27.42,558.43,68.24,0.01459854,0.912408759,0.072992701,2,125,10
489089,180,32,136,12,Supportive,169.39,40.03,826.12,66.46,89.55,32.51,0.177777778,0.066666667,0.755555556,32,12,136
839473,140,21,19,100,Defensive,106.81,43.03,124.87,30.3,867.6,74.62,0.15,0.714285714,0.135714286,21,100,19
215883,134,78,4,52,Aggressive,366.3,60.63,19.5,52.81,341.41,40.37,0.582089552,0.388059701,0.029850746,78,52,4
976203,135,35,88,12,Supportive,164.37,29.29,670.46,75.93,113.81,50,0.259259259,0.088888889,0.651851852,35,12,88
363227,121,0,56,65,Defensive,0,20.4,469.24,68.66,396.14,69.67,0,0.537190083,0.462809917,0,65,56
467418,174,42,9,123,Defensive,244.95,50.51,84.45,20.13,493.19,57.23,0.24137931,0.706896552,0.051724138,42,123,9
357833,75,17,32,26,Supportive,135.65,43.35,239.74,69.1,204.38,34.14,0.226666667,0.346666667,0.426666667,17,26,32
481874,144,136,7,1,Aggressive,828.64,68.02,43.32,28.35,6.77,31.6,0.944444444,0.006944444,0.048611111,136,1,7
957570,166,8,148,10,Supportive,33.85,27.3,642,60.96,75.21,28.57,0.048192771,0.060240964,0.891566265,8,10,148
969466,107,27,62,18,Supportive,186.29,22.06,266.85,76.65,92.84,58.86,0.252336449,0.168224299,0.579439252,27,18,62
508476,162,109,25,28,Aggressive,759.2,77.63,142.71,23.44,278.05,77.05,0.672839506,0.172839506,0.154320988,109,28,25
125280,189,48,43,98,Defensive,356.14,41.55,421.19,61.04,758.72,63.45,0.253968254,0.518518519,0.227513228,48,98,43
478894,183,147,7,29,Aggressive,1099.04,74.87,62.57,46.29,163.07,46.91,0.803278689,0.158469945,0.038251366,147,29,7
127697,167,90,58,19,Aggressive,799.08,50.93,549.94,65,182.37,38.13,0.538922156,0.113772455,0.347305389,90,19,58
374452,162,67,2,93,Defensive,526.16,77.47,15.06,48.41,487.16,62.71,0.413580247,0.574074074,0.012345679,67,93,2
924197,70,4,32,34,Defensive,38.94,39.12,311.41,56.38,211.11,28.64,0.057142857,0.485714286,0.457142857,4,34,32
981087,61,30,11,20,Aggressive,134.29,22.59,61.16,45.01,130.39,32.1,0.491803279,0.327868852,0.180327869,30,20,11
267626,139,11,65,63,Supportive,101.83,35.61,640.54,75.17,327.6,76.52,0.079136691,0.45323741,0.467625899,11,63,65
176588,140,82,21,37,Aggressive,377.41,60.08,109.73,28.95,347.8,60.8,0.585714286,0.264285714,0.15,82,37,21
286919,161,0,121,40,Supportive,0,37.27,541.65,79.97,333.94,50.44,0,0.248447205,0.751552795,0,40,121
273042,69,10,46,13,Supportive,67.67,34.31,410.76,57.34,106.6,44.29,0.144927536,0.188405797,0.666666667,10,13,46
534660,158,8,148,2,Supportive,46.96,36.36,1001.53,79.45,9.88,59.89,0.050632911,0.012658228,0.936708861,8,2,148
885202,67,25,42,0,Supportive,150.01,23.09,206.01,28.17,0,40.61,0.373134328,0,0.626865672,25,0,42
183720,99,6,88,5,Supportive,29.27,39.37,537.23,61.82,41.23,36.72,0.060606061,0.050505051,0.888888889,6,5,88
985037,114,46,25,43,Aggressive,277.48,65.57,122.66,34.27,223.94,64.73,0.403508772,0.377192982,0.219298246,46,43,25
496915,151,2,1,148,Defensive,16.86,20.98,5.66,46.31,728.32,64.25,0.013245033,0.98013245,0.006622517,2,148,1
455782,150,78,40,32,Aggressive,413.68,57.43,188.6,23.64,148.35,44.6,0.52,0.213333333,0.266666667,78,32,40
716509,194,46,96,52,Supportive,313.5,73.08,841.97,76.59,486.35,79.09,0.237113402,0.268041237,0.494845361,46,52,96
289061,138,25,22,91,Defensive,106.2,44.57,178.14,53.51,434.77,74.33,0.18115942,0.65942029,0.15942029,25,91,22
194184,136,58,52,26,Aggressive,351.35,69.42,213.1,73.13,256.31,60.79,0.426470588,0.191176471,0.382352941,58,26,52
898189,53,9,17,27,Defensive,77.01,46.03,162.99,29.62,183.68,28.71,0.169811321,0.509433962,0.320754717,9,27,17
663869,167,30,31,106,Defensive,145.78,25.7,220.31,51.82,696.26,39.36,0.179640719,0.634730539,0.185628743,30,106,31
756916,157,19,19,119,Defensive,103.54,34.91,122.34,26.73,1188.12,52.77,0.121019108,0.757961783,0.121019108,19,119,19
204417,139,15,96,28,Supportive,93,42.97,679.26,57.81,179.47,27.54,0.107913669,0.201438849,0.690647482,15,28,96
918901,92,50,38,4,Aggressive,226.41,70.39,278.41,21.73,16.74,24.29,0.543478261,0.043478261,0.413043478,50,4,38
246651,111,43,53,15,Supportive,230.02,22.51,382.9,73.92,114.75,30.03,0.387387387,0.135135135,0.477477477,43,15,53
218381,135,40,13,82,Defensive,236.89,52.48,61.55,42.89,665.31,62.32,0.296296296,0.607407407,0.096296296,40,82,13
945168,62,45,9,8,Aggressive,361.36,70.1,80.39,30.56,61.85,46.35,0.725806452,0.129032258,0.14516129,45,8,9
156059,149,6,129,14,Supportive,59.27,36.44,911.35,78.69,91.18,32.34,0.040268456,0.093959732,0.865771812,6,14,129
847482,187,157,2,28,Aggressive,1553.14,74.5,17.45,33.86,239.08,61.95,0.839572193,0.14973262,0.010695187,157,28,2
891930,193,93,32,68,Aggressive,666.64,73.75,254.41,73.79,356.52,65.24,0.481865285,0.352331606,0.165803109,93,68,32
342503,97,25,67,5,Supportive,128.07,38.17,659.17,55.86,46.25,58.9,0.257731959,0.051546392,0.690721649,25,5,67
273308,161,23,136,2,Supportive,98.2,73.85,635.98,50.22,11.74,65.53,0.142857143,0.01242236,0.844720497,23,2,136
846270,153,111,8,34,Aggressive,449.75,70.35,77.34,32.65,152.86,35.81,0.725490196,0.222222222,0.052287582,111,34,8
757216,118,38,74,6,Supportive,376.37,66.82,350.24,78.96,45.84,48.81,0.322033898,0.050847458,0.627118644,38,6,74
565165,185,37,50,98,Defensive,330.61,23.86,426.98,60.36,444.92,21.84,0.2,0.52972973,0.27027027,37,98,50
512461,100,0,67,33,Supportive,0,23.82,571.11,62.56,149.54,44.21,0,0.33,0.67,0,33,67
258311,86,10,73,3,Supportive,71.43,42.04,309.36,75.19,18.54,43.76,0.11627907,0.034883721,0.848837209,10,3,73
623248,139,31,79,29,Supportive,263.61,67.13,476.63,68.35,243.81,65.5,0.223021583,0.208633094,0.568345324,31,29,79
756144,69,11,53,5,Supportive,52.48,38.31,416.5,61.5,43.62,36.98,0.15942029,0.072463768,0.768115942,11,5,53
654523,80,9,47,24,Defensive,86.32,53.23,289.61,66.03,139.06,100.2,0.1125,0.3,0.5875,9,24,47
435649,87,8,63,16,Supportive,67.7,45.19,324.88,54.81,144.55,27.23,0.091954023,0.183908046,0.724137931,8,16,63
664709,79,50,7,22,Defensive,316.39,40.27,56.79,22.76,157.74,72.57,0.632911392,0.278481013,0.088607595,50,22,7
332762,188,2,56,130,Defensive,8.43,27.17,416.24,75.33,1048.75,54.83,0.010638298,0.691489362,0.29787234,2,130,56
958338,166,49,100,17,Supportive,401.06,51.36,829.02,54.39,139.36,46.18,0.295180723,0.102409639,0.602409639,49,17,100
285598,73,21,26,26,Defensive,91.35,32.42,180.95,65.27,187.32,42.16,0.287671233,0.356164384,0.356164384,21,26,26
140937,171,99,68,4,Aggressive,799.79,63.28,646.69,57.9,17.07,24.36,0.578947368,0.023391813,0.397660819,99,4,68
957476,111,28,46,37,Defensive,263.94,30.58,376.65,42.4,179.42,77.81,0.252252252,0.333333333,0.414414414,28,37,46
690831,56,52,3,1,Aggressive,304.91,62.8,16.76,24.92,9.32,21.41,0.928571429,0.017857143,0.053571429,52,1,3
642667,79,39,13,27,Defensive,334.03,29.79,111.75,41.77,172.52,62.12,0.493670886,0.341772152,0.164556962,39,27,13
721692,181,40,53,88,Defensive,181.26,45.29,400.84,53.53,591.29,77.15,0.220994475,0.486187845,0.29281768,40,88,53
385089,136,32,10,94,Defensive,229.79,72.96,48.32,25.44,785.78,71.37,0.235294118,0.691176471,0.073529412,32,94,10
332189,148,10,65,73,Defensive,65.69,26.45,375.84,63.12,362.44,77.83,0.067567568,0.493243243,0.439189189,10,73,65
858198,55,28,1,26,Aggressive,193.4,25.35,9.86,27.66,183.03,35.21,0.509090909,0.472727273,0.018181818,28,26,1
873824,115,0,31,84,Defensive,0,39.37,292.8,21.86,475.98,57.35,0,0.730434783,0.269565217,0,84,31
731213,178,27,17,134,Defensive,185.97,44.24,89.57,78.33,1329.28,69.74,0.151685393,0.752808989,0.095505618,27,134,17
524726,130,7,44,79,Defensive,45.76,26.61,199.92,35.51,728.56,39.38,0.053846154,0.607692308,0.338461538,7,79,44
294470,60,22,16,22,Aggressive,145.63,40.77,99.94,33.21,195.38,22.82,0.366666667,0.366666667,0.266666667,22,22,16
813261,80,13,13,54,Defensive,128.96,23.4,118.2,42.77,471.24,61.89,0.1625,0.675,0.1625,13,54,13
568764,58,24,33,1,Supportive,108.16,33.55,304.73,73.8,7.94,22.9,0.413793103,0.017241379,0.568965517,24,1,33
354993,125,108,14,3,Aggressive,981.08,79.04,68.62,23.07,12.46,39.31,0.864,0.024,0.112,108,3,14
736402,138,50,34,54,Aggressive,335.9,81.98,269.61,78.29,339.24,50.39,0.362318841,0.391304348,0.246376812,50,54,34
841384,148,96,13,39,Aggressive,548.89,79.15,63.49,49.6,168.58,42.39,0.648648649,0.263513514,0.087837838,96,39,13
149433,200,69,86,45,Aggressive,603.33,90.79,722.75,57.59,438.06,23.78,0.345,0.225,0.43,69,45,86
141729,159,2,4,153,Defensive,15.58,46.92,38.76,46.03,733.95,79.36,0.012578616,0.962264151,0.025157233,2,153,4
265756,124,64,4,56,Defensive,292.87,68.8,25.5,27.58,400.82,104.55,0.516129032,0.451612903,0.032258065,64,56,4
339643,182,42,27,113,Defensive,204.78,32.31,261.09,67.67,643.12,33.11,0.230769231,0.620879121,0.148351648,42,113,27
974651,62,32,14,16,Aggressive,209.02,24.71,104.98,48.58,121.68,20.71,0.516129032,0.258064516,0.225806452,32,16,14
263426,93,30,49,14,Supportive,189.83,30.38,310.27,76.4,107.89,43.34,0.322580645,0.150537634,0.52688172,30,14,49
640867,86,13,68,5,Supportive,76.7,26.4,529.26,49.51,49.88,27.58,0.151162791,0.058139535,0.790697674,13,5,68
923809,83,45,25,13,Aggressive,325.9,54.04,163.29,46.78,77.99,47.65,0.542168675,0.156626506,0.301204819,45,13,25
376515,91,70,5,16,Aggressive,674.19,64.29,36.93,39.2,115.4,45.48,0.769230769,0.175824176,0.054945055,70,16,5
796365,161,37,115,9,Supportive,244.83,73.92,572.69,61.7,76.25,39.88,0.229813665,0.055900621,0.714285714,37,9,115
720230,172,18,96,58,Supportive,96.43,38.83,552.88,74.24,508.98,71.26,0.104651163,0.337209302,0.558139535,18,58,96
528226,84,19,17,48,Defensive,147.96,20.46,103.89,62.88,264.1,51.62,0.226190476,0.571428571,0.202380952,19,48,17
638387,120,1,23,96,Defensive,6.38,49,164.04,41.79,849.3,60.36,0.008333333,0.8,0.191666667,1,96,23
490754,199,33,159,7,Supportive,321.1,79.87,1576.53,68.9,40.47,41.43,0.165829146,0.035175879,0.798994975,33,7,159
466940,155,125,30,0,Aggressive,564.27,58.62,123.16,25.95,0,30.72,0.806451613,0,0.193548387,125,0,30
784246,140,47,49,44,Supportive,360.27,56.02,212.62,27.79,178.14,43.77,0.335714286,0.314285714,0.35,47,44,49
800558,62,24,35,3,Supportive,136.58,43.37,349.79,73.56,26.28,32.6,0.387096774,0.048387097,0.564516129,24,3,35
304794,181,23,37,121,Defensive,220.22,59.31,232.2,75.1,1105.87,68.22,0.127071823,0.668508287,0.20441989,23,121,37
454569,96,36,26,34,Aggressive,237.56,33.01,113.89,59.7,170.96,24.66,0.375,0.354166667,0.270833333,36,34,26
960784,93,0,9,84,Defensive,0,33.7,38.98,38.4,610.48,66.44,0,0.903225806,0.096774194,0,84,9
531846,189,50,36,103,Defensive,201.64,23.74,211.2,25.09,767.05,60.54,0.264550265,0.544973545,0.19047619,50,103,36
650695,86,23,2,61,Defensive,140.27,49.42,8.66,38.08,422.81,57.63,0.26744186,0.709302326,0.023255814,23,61,2
544683,160,16,47,97,Defensive,81.81,47.52,333.33,56.27,899.75,70.71,0.1,0.60625,0.29375,16,97,47
464060,158,20,122,16,Supportive,82.63,43.85,1093.23,79.62,153.02,36.72,0.126582278,0.101265823,0.772151899,20,16,122
794486,137,31,8,98,Defensive,173.15,24.62,51.88,32.29,404.86,69.13,0.226277372,0.715328467,0.058394161,31,98,8
576134,58,22,17,19,Aggressive,170.85,35.34,104.84,40.75,161.82,46.92,0.379310345,0.327586207,0.293103448,22,19,17
563052,173,57,38,78,Defensive,308.15,56.81,346.59,58.53,454.58,71.3,0.329479769,0.450867052,0.219653179,57,78,38
459569,114,25,71,18,Supportive,209.43,46.81,474.97,68.66,119.33,26.78,0.219298246,0.157894737,0.622807018,25,18,71
920879,168,61,66,41,Supportive,580.15,67.02,428.12,73.11,228.72,71.64,0.363095238,0.244047619,0.392857143,61,41,66
434982,161,43,19,99,Defensive,275.89,65.84,96.19,48.89,588.21,55.99,0.267080745,0.614906832,0.118012422,43,99,19
298585,136,8,110,18,Supportive,48.4,75.25,585.48,51.96,88.9,33.32,0.058823529,0.132352941,0.808823529,8,18,110
381705,118,3,20,95,Defensive,28.71,50.95,176.96,28.59,920.18,52.31,0.025423729,0.805084746,0.169491525,3,95,20
206043,175,123,23,29,Aggressive,624.41,76.74,92.26,31.87,229.49,53.1,0.702857143,0.165714286,0.131428571,123,29,23
233335,126,20,44,62,Defensive,170.73,30.54,329.4,69.58,577.3,50.06,0.158730159,0.492063492,0.349206349,20,62,44
142263,120,85,14,21,Aggressive,376.89,52.11,101.48,35.82,121.84,33.22,0.708333333,0.175,0.116666667,85,21,14
646843,107,95,0,12,Aggressive,577.41,33.75,0,49.46,72.16,35.53,0.887850467,0.112149533,0,95,12,0
321588,60,37,8,15,Defensive,360.45,69.25,39.6,24.32,110.95,101.69,0.616666667,0.25,0.133333333,37,15,8
597505,191,71,78,42,Supportive,411.01,60.64,557.04,62.47,376.49,48.98,0.371727749,0.219895288,0.408376963,71,42,78
186222,188,14,3,171,Defensive,103.74,42.54,24.8,43.94,1061.48,59.31,0.074468085,0.909574468,0.015957447,14,171,3
464366,188,0,128,60,Supportive,0,36.07,572.55,55.04,519.43,53.79,0,0.319148936,0.680851064,0,60,128
276171,144,3,34,107,Defensive,23.32,23.41,274.27,30.18,634.41,59.6,0.020833333,0.743055556,0.236111111,3,107,34
846102,156,54,33,69,Defensive,485.48,56.18,299.89,50.66,614.63,60.22,0.346153846,0.442307692,0.211538462,54,69,33
910932,95,13,41,41,Defensive,82.49,29.45,249.55,50.1,365.31,56.29,0.136842105,0.431578947,0.431578947,13,41,41
346901,61,27,22,12,Supportive,119.75,51.99,101.42,85.26,106.42,40.25,0.442622951,0.196721311,0.360655738,27,12,22
267090,171,31,10,130,Defensive,143.51,36.28,54.63,48.92,1118,65.45,0.18128655,0.760233918,0.058479532,31,130,10
918710,114,12,26,76,Defensive,75.47,23.79,194.81,67.96,316.82,78.18,0.105263158,0.666666667,0.228070175,12,76,26
715531,84,58,21,5,Aggressive,440.84,65.39,157.63,49.51,29.47,71.43,0.69047619,0.05952381,0.25,58,5,21
896180,141,35,40,66,Supportive,330.92,76.52,207.26,111.31,348.92,78.08,0.24822695,0.468085106,0.283687943,35,66,40
443269,134,33,29,72,Defensive,273.52,78.76,145.76,40.1,671.68,60.83,0.246268657,0.537313433,0.21641791,33,72,29
951149,132,24,53,55,Defensive,117.54,33.69,406.59,50.74,384.14,74.47,0.181818182,0.416666667,0.401515152,24,55,53
350032,198,11,116,71,Supportive,91.42,35.04,772.24,65.95,658.34,61.36,0.055555556,0.358585859,0.585858586,11,71,116
199234,129,91,16,22,Aggressive,845.61,56.03,143.35,29.58,166.48,37.49,0.705426357,0.170542636,0.124031008,91,22,16
942532,179,142,17,20,Aggressive,1098.93,76.74,86.4,32.09,122.62,44.51,0.793296089,0.111731844,0.094972067,142,20,17
620456,79,6,1,72,Defensive,46.84,28.04,9.48,39.24,576.99,69.79,0.075949367,0.911392405,0.012658228,6,72,1
596587,195,27,19,149,Defensive,256.06,70.9,159.1,38.77,1262.75,62.19,0.138461538,0.764102564,0.097435897,27,149,19
617300,192,22,48,122,Defensive,210.13,25.43,339.48,53.57,1173.15,60.81,0.114583333,0.635416667,0.25,22,122,48
169397,193,118,64,11,Aggressive,755.81,50.79,462.05,52.14,47.98,42.95,0.611398964,0.056994819,0.331606218,118,11,64
589266,54,41,5,8,Aggressive,380.06,57.37,26.02,39.63,73.08,42.23,0.759259259,0.148148148,0.092592593,41,8,5
313071,76,27,43,6,Supportive,182.28,30.64,410.88,72.41,38.4,20.57,0.355263158,0.078947368,0.565789474,27,6,43
918605,57,49,3,5,Aggressive,443.5,52.49,21.18,26.24,23.4,43.94,0.859649123,0.087719298,0.052631579,49,5,3
582393,129,16,93,20,Supportive,73.72,56.66,588.71,26.94,199.17,50.7,0.124031008,0.15503876,0.720930233,16,20,93
426751,118,95,12,11,Aggressive,462.11,48.67,67.88,49.11,78.76,28.69,0.805084746,0.093220339,0.101694915,95,11,12
750415,133,110,11,12,Aggressive,779.39,52.99,92.95,38.83,62.8,25.85,0.827067669,0.090225564,0.082706767,110,12,11
628668,89,37,34,18,Aggressive,367.66,25.87,223.61,72.69,104.48,46.07,0.415730337,0.202247191,0.382022472,37,18,34
385804,180,83,79,18,Aggressive,623.74,73.24,331.17,75.7,95.68,49.24,0.461111111,0.1,0.438888889,83,18,79
542389,149,54,11,84,Defensive,539.85,39.13,49.59,37.84,512.82,57.48,0.362416107,0.563758389,0.073825503,54,84,11
978433,98,80,13,5,Aggressive,495.19,79.46,88.42,41.46,42.96,49.12,0.816326531,0.051020408,0.132653061,80,5,13
723573,191,50,127,14,Supportive,245.08,65.49,1181.69,70.3,138.25,47.7,0.261780105,0.073298429,0.664921466,50,14,127
718191,114,92,16,6,Aggressive,710.6,61.37,129.08,37.51,49.55,36.97,0.807017544,0.052631579,0.140350877,92,6,16
781581,184,111,43,30,Aggressive,560.98,56.24,242.69,69.98,262.82,53.32,0.60326087,0.163043478,0.233695652,111,30,43
725418,122,60,13,49,Aggressive,460.09,71.11,56.58,41.68,323.65,50.34,0.491803279,0.401639344,0.106557377,60,49,13
346238,94,4,29,61,Defensive,34.37,27.7,218.87,51.45,580.82,54.79,0.042553191,0.64893617,0.308510638,4,61,29
844547,93,45,45,3,Aggressive,246.23,62.62,282.59,54.55,17.74,37.17,0.483870968,0.032258065,0.483870968,45,3,45
647640,188,155,0,33,Aggressive,1282.26,69.34,0,42.69,241.68,79.12,0.824468085,0.175531915,0,155,33,0
215714,149,21,69,59,Supportive,188.28,36.6,290.1,56,400.9,77.25,0.140939597,0.395973154,0.463087248,21,59,69
492774,105,60,15,30,Aggressive,399.83,54.82,96.86,54.24,227.22,56.81,0.571428571,0.285714286,0.142857143,60,30,15
370507,164,47,32,85,Defensive,379.03,64.65,188.18,26.76,567.19,65.62,0.286585366,0.518292683,0.195121951,47,85,32
862525,147,31,45,71,Defensive,196.01,20.79,377.12,54.44,313.9,73.43,0.210884354,0.482993197,0.306122449,31,71,45
409228,109,21,60,28,Supportive,169.99,76.94,469.4,55.04,255.23,66.4,0.19266055,0.256880734,0.550458716,21,28,60
461301,116,23,54,39,Supportive,94.23,30.9,431.4,75.35,379.4,67.54,0.198275862,0.336206897,0.465517241,23,39,54
907196,115,43,10,62,Aggressive,391.2,108.75,86.73,24.5,519.39,76.13,0.373913043,0.539130435,0.086956522,43,62,10
510987,152,7,139,6,Supportive,56.59,39.12,1134.03,34.98,41.14,21.75,0.046052632,0.039473684,0.914473684,7,6,139
660209,99,38,9,52,Defensive,309.46,73.31,75.49,24.39,360.89,64.36,0.383838384,0.525252525,0.090909091,38,52,9
326547,174,10,39,125,Defensive,65.76,43.84,279.58,53.12,962.27,76.85,0.057471264,0.718390805,0.224137931,10,125,39
891092,195,99,60,36,Aggressive,883.24,56.27,357.19,51.98,218.43,57.54,0.507692308,0.184615385,0.307692308,99,36,60
778853,160,8,5,147,Defensive,42.88,46.39,42.13,27.67,1215.7,52.79,0.05,0.91875,0.03125,8,147,5
781546,93,26,25,42,Defensive,199.58,29.91,231.52,58.37,354.8,60.12,0.279569892,0.451612903,0.268817204,26,42,25
599038,79,19,24,36,Defensive,171.15,48.88,147,31.66,247.6,68.53,0.240506329,0.455696203,0.303797468,19,36,24
353168,195,18,59,118,Defensive,119.44,46.09,504.33,60.88,605.2,51.39,0.092307692,0.605128205,0.302564103,18,118,59
553059,175,44,47,84,Defensive,291,66.72,466.3,62.2,814.36,50.82,0.251428571,0.48,0.268571429,44,84,47
854133,99,16,3,80,Defensive,123.6,55.02,27.02,20.97,462.76,56.73,0.161616162,0.808080808,0.03030303,16,80,3
145419,192,70,103,19,Supportive,477.19,76.25,961.37,64.55,156.88,45.31,0.364583333,0.098958333,0.536458333,70,19,103
304408,142,85,10,47,Aggressive,427.5,75.58,68.43,26.48,223.67,67.63,0.598591549,0.330985915,0.070422535,85,47,10
498067,60,51,6,3,Aggressive,325.27,51.12,59.68,29.47,13.38,30.43,0.85,0.05,0.1,51,3,6
985973,61,14,47,0,Supportive,95.85,34.43,321.92,57.97,0,54.96,0.229508197,0,0.770491803,14,0,47
328815,54,30,6,18,Aggressive,202.48,30.48,24.02,34.21,150.37,48.15,0.555555556,0.333333333,0.111111111,30,18,6
206328,188,18,35,135,Defensive,130.36,48.46,263.7,69.94,1335.66,76.4,0.095744681,0.718085106,0.186170213,18,135,35
510893,123,62,46,15,Aggressive,486.54,60.31,209.39,32.6,136.47,26.02,0.504065041,0.12195122,0.37398374,62,15,46
919601,175,14,151,10,Supportive,102.01,26.26,1439.1,74.9,89.04,50.1,0.08,0.057142857,0.862857143,14,10,151
927372,71,1,64,6,Supportive,7.78,26.65,620.59,66.4,43.24,22.21,0.014084507,0.084507042,0.901408451,1,6,64
273148,72,34,1,37,Aggressive,171.65,82.33,6.24,41.36,361.19,49.93,0.472222222,0.513888889,0.013888889,34,37,1
533753,76,43,0,33,Aggressive,388.87,20.94,0,36.36,179.6,27.68,0.565789474,0.434210526,0,43,33,0
573022,99,59,27,13,Aggressive,562.55,59.12,153.79,26.43,82.03,41.84,0.595959596,0.131313131,0.272727273,59,13,27
550379,161,6,5,150,Defensive,31.24,29.43,34.89,53.4,1136.85,76.02,0.037267081,0.931677019,0.031055901,6,150,5
437427,126,105,3,18,Aggressive,746.12,63.09,28.67,47.29,179.96,32,0.833333333,0.142857143,0.023809524,105,18,3
939566,88,62,9,17,Aggressive,424.76,59.74,81.25,44.96,99.83,45.02,0.704545455,0.193181818,0.102272727,62,17,9
309143,160,142,5,13,Aggressive,1054.27,63.08,21.97,24.54,75.9,38.87,0.8875,0.08125,0.03125,142,13,5
924543,158,83,37,38,Aggressive,357.22,41.95,253.76,60.63,271.67,68.56,0.525316456,0.240506329,0.234177215,83,38,37
405344,146,67,3,76,Aggressive,569.79,83.59,14.53,33.87,343.01,52.16,0.45890411,0.520547945,0.020547945,67,76,3
866450,173,27,127,19,Supportive,264.49,58.08,1178.77,69.3,81.06,38.74,0.156069364,0.10982659,0.734104046,27,19,127
933473,90,19,1,70,Defensive,77.42,33.51,9.11,34.15,639.95,50.17,0.211111111,0.777777778,0.011111111,19,70,1
901983,161,6,149,6,Supportive,35.5,28.09,1369.12,77.29,45.75,25.82,0.037267081,0.037267081,0.925465839,6,6,149
262641,103,21,72,10,Supportive,91.27,39.38,442.67,67.95,88.28,31.89,0.203883495,0.097087379,0.699029126,21,10,72
360610,55,42,6,7,Aggressive,312.9,66.82,34.22,60.73,44.84,40.32,0.763636364,0.127272727,0.109090909,42,7,6
302426,65,4,4,57,Defensive,39.08,37.37,25.23,36.93,539.61,74.76,0.061538462,0.876923077,0.061538462,4,57,4
373069,195,63,129,3,Supportive,504.72,72.5,890.87,35.09,24.41,48.63,0.323076923,0.015384615,0.661538462,63,3,129
767655,136,0,90,46,Supportive,0,46.15,405.26,76.43,341.92,24.57,0,0.338235294,0.661764706,0,46,90
231918,167,69,89,9,Aggressive,401.2,107.2,703.4,75.5,87.32,29.1,0.413173653,0.053892216,0.532934132,69,9,89
674253,118,48,40,30,Aggressive,314.88,76.26,255.59,52.87,176.36,49.58,0.406779661,0.254237288,0.338983051,48,30,40
555576,164,1,22,141,Defensive,9.32,37.09,145.21,20.45,841.88,77.12,0.006097561,0.859756098,0.134146341,1,141,22
781385,78,11,30,37,Defensive,107.08,48.97,212.72,63.7,246.2,20.63,0.141025641,0.474358974,0.384615385,11,37,30
688573,148,10,95,43,Supportive,44,29.69,519.42,51.86,263.24,68.92,0.067567568,0.290540541,0.641891892,10,43,95
608483,136,122,1,13,Aggressive,671.46,58.68,8.47,22.28,82.05,35.5,0.897058824,0.095588235,0.007352941,122,13,1
823563,191,12,83,96,Supportive,94.68,31.79,722.54,97.95,451.05,66.41,0.062827225,0.502617801,0.434554974,12,96,83
938521,109,2,39,68,Defensive,19.4,43.27,351.98,63.32,317.34,76.67,0.018348624,0.623853211,0.357798165,2,68,39
724144,85,32,22,31,Defensive,274.49,66.55,194.83,28.19,206.41,98.86,0.376470588,0.364705882,0.258823529,32,31,22
631998,102,44,38,20,Aggressive,309.7,20.17,175.95,48.21,170.87,35.12,0.431372549,0.196078431,0.37254902,44,20,38
966334,94,21,42,31,Supportive,93.02,44.45,294.49,75.89,200.5,42.08,0.223404255,0.329787234,0.446808511,21,31,42
493092,181,64,12,105,Defensive,613.32,60.75,90.47,42.27,1011.49,65.61,0.35359116,0.580110497,0.066298343,64,105,12
791592,194,144,2,48,Aggressive,1394.29,73.93,12.5,20.34,216.79,76.24,0.742268041,0.24742268,0.010309278,144,48,2
545952,173,49,85,39,Supportive,478.8,79.03,345.82,53.52,257.94,68.81,0.283236994,0.225433526,0.49132948,49,39,85
522606,83,38,13,32,Aggressive,209.42,33.67,63.1,28.72,282.36,71.28,0.457831325,0.385542169,0.156626506,38,32,13
770348,106,51,52,3,Supportive,204.63,31.1,414.83,78.05,17.75,45.08,0.481132075,0.028301887,0.490566038,51,3,52
243838,99,58,11,30,Aggressive,404.46,52.93,109.19,37.12,235.18,78.1,0.585858586,0.303030303,0.111111111,58,30,11
859253,146,34,111,1,Supportive,245.06,28.73,576.24,59.71,5.02,35.04,0.232876712,0.006849315,0.760273973,34,1,111
492493,100,92,8,0,Aggressive,879.32,73.18,48.44,37.15,0,26.22,0.92,0,0.08,92,0,8
192453,116,17,32,67,Defensive,75.75,20.52,264.16,74.65,433.21,72.61,0.146551724,0.577586207,0.275862069,17,67,32
626883,194,139,22,33,Aggressive,799.47,70.86,125.99,49.12,272.76,57.4,0.716494845,0.170103093,0.113402062,139,33,22
957297,173,108,10,55,Aggressive,1016.29,36.7,40.78,49.56,252.51,76.22,0.624277457,0.317919075,0.057803468,108,55,10
842595,170,135,23,12,Aggressive,973.69,64.28,160.41,41.46,55.15,26.76,0.794117647,0.070588235,0.135294118,135,12,23
335732,54,29,24,1,Aggressive,282.06,70.03,172.52,70.99,6.51,45.85,0.537037037,0.018518519,0.444444444,29,1,24
211282,60,30,17,13,Supportive,268.1,55.6,134.52,90.25,57.12,48.43,0.5,0.216666667,0.283333333,30,13,17
525664,127,105,12,10,Aggressive,560.77,55.1,62.51,62.45,91.84,23.41,0.826771654,0.078740157,0.094488189,105,10,12
918904,177,73,91,13,Supportive,569.3,54.88,409.27,70.52,63.22,65.43,0.412429379,0.073446328,0.514124294,73,13,91
656919,111,29,29,53,Defensive,272.7,70.59,273.71,37.72,408.53,62.83,0.261261261,0.477477477,0.261261261,29,53,29
145270,66,10,12,44,Defensive,49.96,79.55,87.99,37.82,367.46,77.73,0.151515152,0.666666667,0.181818182,10,44,12
329091,95,26,15,54,Defensive,169.21,62.3,89.73,44.48,530.65,57.16,0.273684211,0.568421053,0.157894737,26,54,15
532741,172,29,119,24,Supportive,254.16,29.03,991.52,50.13,213.43,58.57,0.168604651,0.139534884,0.691860465,29,24,119
882939,95,24,65,6,Supportive,141.22,77.73,319.36,25.25,41.84,32.88,0.252631579,0.063157895,0.684210526,24,6,65
874299,124,57,0,67,Defensive,309.31,68.84,0,49.4,566.41,28.33,0.459677419,0.540322581,0,57,67,0
434764,198,18,168,12,Supportive,149.29,34.87,973.25,43.76,85.51,55.63,0.090909091,0.060606061,0.848484848,18,12,168
137895,153,42,31,80,Defensive,336.27,69.32,227.67,62.01,587.27,73.61,0.274509804,0.522875817,0.202614379,42,80,31
152017,140,59,5,76,Defensive,583.86,58.37,49.36,45.35,523.47,46.19,0.421428571,0.542857143,0.035714286,59,76,5
606263,58,1,5,52,Defensive,6.4,44.9,37.67,40.14,369.58,56.42,0.017241379,0.896551724,0.086206897,1,52,5
442950,188,18,30,140,Defensive,140.83,23.59,218.47,67.83,1370.06,58.31,0.095744681,0.744680851,0.159574468,18,140,30
679337,116,45,69,2,Supportive,389.34,74.62,634.16,51.4,18.75,21.86,0.387931034,0.017241379,0.594827586,45,2,69
560657,103,72,16,15,Aggressive,625.03,62.81,148.27,29.64,104.22,25.1,0.699029126,0.145631068,0.155339806,72,15,16
191947,102,5,51,46,Defensive,43.44,71.32,283.39,53.77,275.26,86.58,0.049019608,0.450980392,0.5,5,46,51
304849,183,22,111,50,Supportive,110.19,26.8,1018.96,72.14,288.66,74.09,0.120218579,0.273224044,0.606557377,22,50,111
350668,170,107,29,34,Aggressive,835.15,78.75,216.62,64.51,200.28,47.19,0.629411765,0.2,0.170588235,107,34,29
562958,173,0,49,124,Defensive,0,40.89,232.07,75.13,1074.09,77.89,0,0.716763006,0.283236994,0,124,49
425661,185,32,134,19,Supportive,200.05,39.82,1197.95,51.03,172.71,21.97,0.172972973,0.102702703,0.724324324,32,19,134
731612,50,13,11,26,Defensive,128.55,39.46,52.77,24.52,232.37,45.64,0.26,0.52,0.22,13,26,11
194595,122,29,90,3,Supportive,256.26,72.13,805.71,74.7,26.94,31.83,0.237704918,0.024590164,0.737704918,29,3,90
517213,140,26,34,80,Defensive,184.17,36.5,268.86,72.1,544.64,63.47,0.185714286,0.571428571,0.242857143,26,80,34
510757,184,51,109,24,Supportive,498.4,48.76,655.75,51.7,105.08,37.32,0.277173913,0.130434783,0.592391304,51,24,109
392618,90,6,9,75,Defensive,57.95,36.13,39.72,29.08,362.14,51.42,0.066666667,0.833333333,0.1,6,75,9
447566,173,7,7,159,Defensive,48.95,30.58,63.12,27.93,907.22,78.72,0.040462428,0.919075145,0.040462428,7,159,7
340644,173,33,123,17,Supportive,251.24,71.66,999.28,66.61,86.8,48.74,0.190751445,0.098265896,0.710982659,33,17,123
102106,122,50,46,26,Aggressive,327.87,72.28,411.24,66.98,172.19,26.72,0.409836066,0.213114754,0.37704918,50,26,46
991288,53,19,3,31,Aggressive,103.21,55.01,28.13,25.35,179.59,22.13,0.358490566,0.58490566,0.056603774,19,31,3
594403,117,83,22,12,Aggressive,520.56,63.95,171.89,79.72,118.4,76.05,0.709401709,0.102564103,0.188034188,83,12,22
362339,81,29,40,12,Supportive,196.36,38.05,325.44,67.7,64.41,46.45,0.358024691,0.148148148,0.49382716,29,12,40
278072,196,64,14,118,Defensive,484.18,76.6,114.26,30.59,628.11,67.73,0.326530612,0.602040816,0.071428571,64,118,14
246201,171,29,113,29,Supportive,213.36,67.06,786.71,65.33,170.35,33.94,0.169590643,0.169590643,0.660818713,29,29,113
642047,77,12,21,44,Supportive,73.59,29.34,112.55,95.49,435.81,60.76,0.155844156,0.571428571,0.272727273,12,44,21
313802,66,9,2,55,Defensive,45.04,49.94,16.83,22.45,450.75,71.08,0.136363636,0.833333333,0.03030303,9,55,2
332057,111,46,50,15,Supportive,353.23,72.6,284.38,60.17,120.19,34.23,0.414414414,0.135135135,0.45045045,46,15,50
106059,61,5,11,45,Defensive,33.16,31.66,61.79,38.67,235.66,45.82,0.081967213,0.737704918,0.180327869,5,45,11
848469,185,21,9,155,Defensive,110.75,43.26,55.31,44.96,780.06,54.83,0.113513514,0.837837838,0.048648649,21,155,9
423471,106,27,42,37,Supportive,196.21,20.18,362.44,48.76,300.7,72.14,0.254716981,0.349056604,0.396226415,27,37,42
547839,137,80,30,27,Aggressive,499.34,68.45,184.92,49.82,180.99,20.99,0.583941606,0.197080292,0.218978102,80,27,30
855845,167,17,36,114,Defensive,74.42,27.94,340.06,69.44,827.91,47.91,0.101796407,0.682634731,0.215568862,17,114,36
545759,69,2,59,8,Supportive,19.02,31.74,410.55,63.93,53.05,23.51,0.028985507,0.115942029,0.855072464,2,8,59
960168,95,51,24,20,Aggressive,314.97,62.78,194.23,38.95,170.8,33.2,0.536842105,0.210526316,0.252631579,51,20,24
120400,110,81,0,29,Aggressive,358.5,54.81,0,74.65,145.3,40.41,0.736363636,0.263636364,0,81,29,0
753483,133,6,88,39,Supportive,48.91,41.25,512.05,76.37,347.52,65.85,0.045112782,0.293233083,0.661654135,6,39,88
255538,63,12,7,44,Defensive,113.65,20.18,49.79,35.06,262.48,34.21,0.19047619,0.698412698,0.111111111,12,44,7
312414,80,11,34,35,Supportive,89.51,41.49,252.76,55.01,175.29,21.83,0.1375,0.4375,0.425,11,35,34
984678,92,70,8,14,Aggressive,690.76,57.43,44.72,46.04,74.11,49.24,0.760869565,0.152173913,0.086956522,70,14,8
531554,91,8,25,58,Defensive,50.01,24.66,162.05,26.37,239.91,50.43,0.087912088,0.637362637,0.274725275,8,58,25
142237,51,15,18,18,Defensive,140.37,36.77,160.86,49.76,117.54,68.84,0.294117647,0.352941176,0.352941176,15,18,18
982329,94,25,58,11,Supportive,199.37,39.38,393.78,72.84,74.82,45.4,0.265957447,0.117021277,0.617021277,25,11,58
165878,131,58,23,50,Defensive,488.01,55.38,178.11,28.53,404.58,88.94,0.442748092,0.381679389,0.175572519,58,50,23
730556,121,56,24,41,Aggressive,524.28,75.02,237.12,44.05,396.43,27.81,0.462809917,0.338842975,0.198347107,56,41,24
630171,79,21,15,43,Defensive,149.14,72.59,87.22,34.35,423.56,64.1,0.265822785,0.544303797,0.189873418,21,43,15
278745,151,30,94,27,Supportive,124.56,25.7,553.21,69.66,227.73,55.93,0.198675497,0.178807947,0.622516556,30,27,94
397949,69,27,27,15,Aggressive,230.75,40.79,219.32,29.18,122.47,42.97,0.391304348,0.217391304,0.391304348,27,15,27
328532,178,50,17,111,Defensive,213.7,53.93,110.96,44.67,591.27,63.78,0.280898876,0.623595506,0.095505618,50,111,17
225284,189,74,36,79,Defensive,497.48,72.43,297.68,66.63,729.12,56.26,0.391534392,0.417989418,0.19047619,74,79,36
539820,54,0,46,8,Supportive,0,47.46,347.7,60.54,54.79,29.96,0,0.148148148,0.851851852,0,8,46
482841,161,21,132,8,Supportive,167.05,66.55,752.21,55.77,75.51,26.23,0.130434783,0.049689441,0.819875776,21,8,132
742541,196,26,154,16,Supportive,239.83,48.98,1439,66.54,143.79,36.29,0.132653061,0.081632653,0.785714286,26,16,154
389547,152,23,48,81,Defensive,211.31,63.02,264.14,36.7,479.68,58.76,0.151315789,0.532894737,0.315789474,23,81,48
886180,189,96,44,49,Aggressive,453.76,69.9,362.1,79.98,237.05,57.37,0.507936508,0.259259259,0.232804233,96,49,44
845842,99,74,0,25,Aggressive,524.92,63.03,0,20.22,171.33,39.16,0.747474747,0.252525253,0,74,25,0
222328,160,93,56,11,Aggressive,634.55,58.2,421.88,73.31,79.93,34.44,0.58125,0.06875,0.35,93,11,56
921341,189,15,12,162,Defensive,60.59,42.87,100.21,29.55,752.74,41.36,0.079365079,0.857142857,0.063492063,15,162,12
284063,180,14,116,50,Supportive,70.55,49.83,677.67,61.58,353.16,67.73,0.077777778,0.277777778,0.644444444,14,50,116
102475,173,167,4,2,Aggressive,882.37,52.61,29.06,47.54,17.98,20.91,0.965317919,0.011560694,0.023121387,167,2,4
237268,164,58,32,74,Defensive,241.64,71.79,168.77,67.2,409.7,58.24,0.353658537,0.451219512,0.195121951,58,74,32
959122,107,22,56,29,Supportive,165.5,40.2,338.87,29.22,171.41,59.42,0.205607477,0.271028037,0.523364486,22,29,56
124876,166,43,106,17,Supportive,302.52,70.19,583.74,64.53,116.96,21.43,0.259036145,0.102409639,0.638554217,43,17,106
938941,122,36,2,84,Defensive,218.06,56.98,11.27,47.54,558.59,55.53,0.295081967,0.68852459,0.016393443,36,84,2
932942,183,31,37,115,Defensive,136.17,21.37,182.22,24.34,843.69,62.02,0.169398907,0.628415301,0.202185792,31,115,37
193195,158,47,23,88,Defensive,418.34,57.33,101.6,24.21,616.78,27.88,0.297468354,0.556962025,0.14556962,47,88,23
662879,195,12,0,183,Defensive,108.33,47.36,0,35.19,1143.27,66.08,0.061538462,0.938461538,0,12,183,0
413424,140,78,49,13,Supportive,721.47,63.36,437.32,96.58,126.88,48.59,0.557142857,0.092857143,0.35,78,13,49
184650,134,13,23,98,Defensive,82.72,24.93,208.13,48.2,553.7,68.77,0.097014925,0.731343284,0.171641791,13,98,23
166701,172,104,17,51,Aggressive,448.26,67.23,70.88,34.81,241.47,61.3,0.604651163,0.296511628,0.098837209,104,51,17
832368,200,155,44,1,Aggressive,1199.76,59.41,350.28,50.28,9.92,36.5,0.775,0.005,0.22,155,1,44
607556,180,6,1,173,Defensive,52.52,43.22,8.06,29.77,976.3,67.52,0.033333333,0.961111111,0.005555556,6,173,1
369304,85,32,24,29,Aggressive,143.2,40.54,220.32,79.25,214.65,69.28,0.376470588,0.341176471,0.282352941,32,29,24
310181,94,23,64,7,Supportive,201.39,25.07,596.73,63.08,47.94,30.89,0.244680851,0.074468085,0.680851064,23,7,64
977008,162,111,16,35,Aggressive,1063.51,59.53,141.02,31.93,238.08,70.63,0.685185185,0.216049383,0.098765432,111,35,16
107171,67,8,41,18,Supportive,33.53,25.83,386.65,62.46,132.01,32.61,0.119402985,0.268656716,0.611940299,8,18,41
142537,190,35,146,9,Supportive,156.84,38.15,1345.28,52.86,75.85,42.87,0.184210526,0.047368421,0.768421053,35,9,146
440865,87,39,23,25,Aggressive,368.93,63.55,121.23,51.06,189.15,43.63,0.448275862,0.287356322,0.264367816,39,25,23
648138,136,11,61,64,Defensive,62.59,43.76,608.08,69.98,638.45,35.36,0.080882353,0.470588235,0.448529412,11,64,61
289311,69,10,50,9,Supportive,94.98,42.94,341.39,68.23,45.35,37.25,0.144927536,0.130434783,0.724637681,10,9,50
539725,83,12,2,69,Defensive,51.95,48.08,10.04,28.98,452.38,55.06,0.144578313,0.831325301,0.024096386,12,69,2
702347,137,13,18,106,Defensive,57.65,77.89,151.12,41.43,524.64,62.9,0.094890511,0.773722628,0.131386861,13,106,18
266711,128,78,17,33,Aggressive,471.77,53.69,119.25,24.8,286.71,67.02,0.609375,0.2578125,0.1328125,78,33,17
327694,53,5,32,16,Supportive,33.49,21.1,204.17,39.05,128.95,35.93,0.094339623,0.301886792,0.603773585,5,16,32
431096,154,28,70,56,Supportive,127.98,39.01,524.12,71.52,516.48,79.84,0.181818182,0.363636364,0.454545455,28,56,70
553606,128,46,25,57,Defensive,355.31,71.87,167.92,75.04,554.51,41.27,0.359375,0.4453125,0.1953125,46,57,25
618056,167,91,1,75,Aggressive,488.54,72.6,5.4,38.01,346.23,54.11,0.54491018,0.449101796,0.005988024,91,75,1
870797,131,15,79,37,Supportive,128.32,33.01,653.96,58.24,190.54,27.35,0.114503817,0.282442748,0.603053435,15,37,79
894429,132,8,72,52,Supportive,46.52,31.54,464.36,70.15,493,50.42,0.060606061,0.393939394,0.545454545,8,52,72
492904,89,49,7,33,Aggressive,418.74,73.94,43.1,20.09,186.21,41.59,0.550561798,0.370786517,0.078651685,49,33,7
150555,176,3,80,93,Defensive,21.78,51.8,645.93,77.53,788.39,56.02,0.017045455,0.528409091,0.454545455,3,93,80
126546,148,49,87,12,Supportive,249.05,76.33,724.95,46.52,50.66,27.01,0.331081081,0.081081081,0.587837838,49,12,87
866257,58,36,13,9,Aggressive,155.8,31.02,94.13,26.12,68.92,21.49,0.620689655,0.155172414,0.224137931,36,9,13
609870,78,53,12,13,Aggressive,434.42,27.32,62.64,41.1,93.93,48.02,0.679487179,0.166666667,0.153846154,53,13,12
773663,78,7,40,31,Defensive,43.13,48,347.14,70.53,135.41,102.39,0.08974359,0.397435897,0.512820513,7,31,40
700634,94,10,0,84,Defensive,80.51,43.22,0,22.92,384.71,62.74,0.106382979,0.893617021,0,10,84,0
266813,63,7,34,22,Supportive,65.95,45.09,211.12,34.3,163.01,67.45,0.111111111,0.349206349,0.53968254,7,22,34
669175,194,13,1,180,Defensive,62.24,39.13,6.52,44.2,1482.44,77.84,0.067010309,0.927835052,0.005154639,13,180,1
113126,173,13,105,55,Supportive,72.16,38.91,920.17,54.93,525.42,68.99,0.075144509,0.317919075,0.606936416,13,55,105
857288,65,55,10,0,Aggressive,289.68,29.46,74.64,37.86,0,33.15,0.846153846,0,0.153846154,55,0,10
785346,129,75,17,37,Aggressive,330.65,66.21,82.09,52.35,212.69,57.42,0.581395349,0.286821705,0.131782946,75,37,17
790154,98,66,6,26,Aggressive,446.2,61.35,32.57,39.75,122.88,34.84,0.673469388,0.265306122,0.06122449,66,26,6
781209,172,52,55,65,Defensive,238.54,20.81,406.42,65.21,260.44,50.8,0.302325581,0.377906977,0.319767442,52,65,55
101688,191,149,22,20,Aggressive,1414.47,56.4,135.55,28.37,168.35,35.63,0.780104712,0.104712042,0.115183246,149,20,22
120373,53,31,8,14,Aggressive,127.04,77.02,73.57,47.84,78.6,24.77,0.58490566,0.264150943,0.150943396,31,14,8
357070,180,141,13,26,Aggressive,680.21,62.92,87.49,20.07,157.71,58.93,0.783333333,0.144444444,0.072222222,141,26,13
991109,149,37,44,68,Supportive,208.47,35.6,241.91,74.39,610.19,40.26,0.248322148,0.456375839,0.295302013,37,68,44
363598,53,32,5,16,Aggressive,290.89,67.32,46.59,42.72,77.63,47.26,0.603773585,0.301886792,0.094339623,32,16,5
219406,85,18,34,33,Supportive,97.58,38.18,305.78,62.53,235.44,71.97,0.211764706,0.388235294,0.4,18,33,34
975413,51,19,28,4,Supportive,154.24,38.55,227.28,60.69,32.71,32.41,0.37254902,0.078431373,0.549019608,19,4,28
521681,171,65,19,87,Defensive,504.6,62.56,132.52,29.05,791.42,78.22,0.380116959,0.50877193,0.111111111,65,87,19
792623,65,20,3,42,Aggressive,108.69,113.39,15.37,40.19,414.46,77.68,0.307692308,0.646153846,0.046153846,20,42,3
487532,76,38,27,11,Aggressive,175.8,36.23,244.62,75.62,72.16,55.61,0.5,0.144736842,0.355263158,38,11,27
363028,124,73,39,12,Aggressive,325.72,64.44,177.43,35.97,100.74,63.23,0.588709677,0.096774194,0.314516129,73,12,39
183571,168,138,14,16,Aggressive,986.6,55.8,69.98,69.66,158.61,76.27,0.821428571,0.095238095,0.083333333,138,16,14
899690,125,38,51,36,Aggressive,166.16,98.02,322.94,64.13,303.93,68.75,0.304,0.288,0.408,38,36,51
270886,155,12,8,135,Defensive,67.25,37.9,64.63,41.18,1086.86,71.98,0.077419355,0.870967742,0.051612903,12,135,8
304850,158,101,40,17,Aggressive,540.55,72.14,309.26,46.72,69.31,48.33,0.639240506,0.107594937,0.253164557,101,17,40
279414,95,12,8,75,Defensive,87.31,29.3,58.86,31.79,482.27,73.05,0.126315789,0.789473684,0.084210526,12,75,8
986803,78,20,31,27,Supportive,166.27,33.05,222.32,58.98,116.59,37.73,0.256410256,0.346153846,0.397435897,20,27,31
332361,199,91,47,61,Aggressive,858.74,62.51,402.26,45.5,245.83,75.65,0.457286432,0.306532663,0.236180905,91,61,47
109347,155,103,43,9,Aggressive,844.56,59.94,365.76,56.79,78.74,20.94,0.664516129,0.058064516,0.277419355,103,9,43
738327,183,52,72,59,Defensive,246.03,52.06,589.97,60.66,352.81,94.65,0.284153005,0.322404372,0.393442623,52,59,72
812713,133,39,73,21,Supportive,276.66,58.72,495.61,53.18,195.39,34.98,0.293233083,0.157894737,0.54887218,39,21,73
875260,101,47,3,51,Defensive,392,79.97,25.45,40.85,225.78,59.11,0.465346535,0.504950495,0.02970297,47,51,3
724414,106,2,20,84,Defensive,11.78,21.08,132.45,39.93,676.32,45.38,0.018867925,0.79245283,0.188679245,2,84,20
684170,114,43,10,61,Defensive,367.72,57.79,71.63,30.27,325.86,64.1,0.377192982,0.535087719,0.087719298,43,61,10
766398,194,9,69,116,Defensive,51.74,39.7,399.78,59.42,1101.95,51.01,0.046391753,0.597938144,0.355670103,9,116,69
865307,142,130,10,2,Aggressive,1146.05,73.76,40.87,38.8,17.49,58.72,0.915492958,0.014084507,0.070422535,130,2,10
805775,58,41,3,14,Aggressive,369.46,58.3,12.62,26.1,99,47.38,0.706896552,0.24137931,0.051724138,41,14,3
764417,109,4,67,38,Supportive,17.69,44.74,320.49,74.69,273.96,50.68,0.036697248,0.348623853,0.614678899,4,38,67
178476,115,66,1,48,Aggressive,508.85,64.25,9.65,31.37,422.57,62.3,0.573913043,0.417391304,0.008695652,66,48,1
968810,113,86,5,22,Aggressive,473.64,66.06,21.21,36.16,91.74,20.56,0.761061947,0.194690265,0.044247788,86,22,5
343764,98,43,4,51,Defensive,222.99,24.6,39.84,48.66,278.28,51.94,0.43877551,0.520408163,0.040816327,43,51,4
941400,105,59,17,29,Aggressive,499.35,54.75,162.69,49.61,190.38,27.89,0.561904762,0.276190476,0.161904762,59,29,17
616728,142,7,83,52,Supportive,44.32,44.08,346.9,76.39,293.74,62.12,0.049295775,0.366197183,0.584507042,7,52,83
445958,82,60,4,18,Aggressive,382.98,69.75,32.2,48.15,155.13,23.71,0.731707317,0.219512195,0.048780488,60,18,4
359108,99,21,55,23,Supportive,145.66,40.97,361.19,71.12,215.61,64.24,0.212121212,0.232323232,0.555555556,21,23,55
712216,165,153,5,7,Aggressive,993.75,72.19,38.39,40.28,31.56,24,0.927272727,0.042424242,0.03030303,153,7,5
912674,66,2,1,63,Defensive,9.32,49.24,5.89,20.96,629.65,71.45,0.03030303,0.954545455,0.015151515,2,63,1
388002,102,66,27,9,Aggressive,655.05,54.93,180.2,32.99,53.97,33.78,0.647058824,0.088235294,0.264705882,66,9,27
737012,192,22,22,148,Defensive,198.59,44.98,91.42,24.06,760.82,60.29,0.114583333,0.770833333,0.114583333,22,148,22
911575,112,52,28,32,Aggressive,482.44,67.13,261.75,50.78,196.23,61.67,0.464285714,0.285714286,0.25,52,32,28
132874,56,2,5,49,Defensive,11.49,31.01,45.71,38.21,358.65,78.34,0.035714286,0.875,0.089285714,2,49,5
733216,142,8,54,80,Defensive,32.34,33.14,429.72,33.67,520.94,76.89,0.056338028,0.563380282,0.38028169,8,80,54
749920,117,43,34,40,Defensive,244.45,76.89,151.47,35.82,244.31,110.93,0.367521368,0.341880342,0.290598291,43,40,34
449192,60,15,20,25,Defensive,126.7,33.98,173.6,31.19,201.52,23.26,0.25,0.416666667,0.333333333,15,25,20
110773,125,29,67,29,Supportive,207.39,36.18,665.66,75.02,209.61,57.84,0.232,0.232,0.536,29,29,67
853594,132,79,27,26,Aggressive,540.28,75.83,208.52,40.23,229.76,65.9,0.598484848,0.196969697,0.204545455,79,26,27
768390,124,35,87,2,Supportive,225.79,57.02,528.66,42.62,12.68,25.79,0.282258065,0.016129032,0.701612903,35,2,87
176521,72,29,3,40,Defensive,237.81,50.16,28.18,36,175.9,48.73,0.402777778,0.555555556,0.041666667,29,40,3
883545,197,150,14,33,Aggressive,872.16,50.74,114.03,28.82,182.86,27.4,0.76142132,0.16751269,0.07106599,150,33,14
381632,180,65,21,94,Defensive,534.69,71.13,204.99,22.96,408.18,23.07,0.361111111,0.522222222,0.116666667,65,94,21
136888,198,113,53,32,Aggressive,521.08,45.22,476.79,62.15,277.75,55.49,0.570707071,0.161616162,0.267676768,113,32,53
225295,158,73,23,62,Aggressive,628.18,60.73,155.18,49.44,564.8,59.69,0.462025316,0.392405063,0.14556962,73,62,23
531175,144,10,132,2,Supportive,55.19,45.87,1301.68,58.69,9.04,24.36,0.069444444,0.013888889,0.916666667,10,2,132
666258,193,20,147,26,Supportive,176.5,39.3,1053.98,64.36,156.04,33.12,0.103626943,0.134715026,0.761658031,20,26,147
110406,56,6,10,40,Defensive,43.13,39.37,51.1,34.3,249.85,74.96,0.107142857,0.714285714,0.178571429,6,40,10
717805,168,17,97,54,Supportive,158.94,35.41,458.1,79.14,530.1,30.64,0.101190476,0.321428571,0.577380952,17,54,97
503012,152,97,5,50,Aggressive,479.04,51.2,48.78,27.44,407.74,67.37,0.638157895,0.328947368,0.032894737,97,50,5
823236,93,1,25,67,Defensive,6.11,23.82,196.69,36.01,393.36,29.79,0.010752688,0.720430108,0.268817204,1,67,25
562418,177,17,141,19,Supportive,110.58,46.07,577.84,78.32,127.15,34,0.096045198,0.107344633,0.796610169,17,19,141
703269,132,8,114,10,Supportive,62.9,25.16,1135.72,67.31,40.03,27,0.060606061,0.075757576,0.863636364,8,10,114
665978,174,89,5,80,Aggressive,423.26,77.43,41.79,23.57,658.69,55.7,0.511494253,0.459770115,0.028735632,89,80,5
943393,60,18,42,0,Aggressive,80.09,99.75,317.52,66.72,0,44.77,0.3,0,0.7,18,0,42
185131,99,21,68,10,Supportive,144.47,23.8,427.95,75.98,53.89,33.9,0.212121212,0.101010101,0.686868687,21,10,68
307937,132,31,71,30,Supportive,232.32,63.94,626.39,52.78,205.27,27.21,0.234848485,0.227272727,0.537878788,31,30,71
809235,161,79,46,36,Aggressive,363.08,51.61,263.76,61.26,331.01,69.01,0.49068323,0.223602484,0.285714286,79,36,46
301108,127,29,69,29,Supportive,283.56,68.47,585.62,53.58,235.58,79.46,0.228346457,0.228346457,0.543307087,29,29,69
750586,91,18,44,29,Supportive,128.16,32.53,224.08,68.87,165.32,55.54,0.197802198,0.318681319,0.483516484,18,29,44
118675,138,11,113,14,Supportive,74.93,27.65,816.64,62.1,119.37,38.67,0.079710145,0.101449275,0.81884058,11,14,113
454854,168,47,5,116,Defensive,428.21,58.51,40.33,24.45,1090.47,62.33,0.279761905,0.69047619,0.029761905,47,116,5
223412,152,31,16,105,Defensive,273.73,52.25,68.42,49.06,615.37,67.92,0.203947368,0.690789474,0.105263158,31,105,16
549427,140,124,15,1,Aggressive,504.45,70.57,113.33,49.79,9.1,26.03,0.885714286,0.007142857,0.107142857,124,1,15
733490,72,22,32,18,Supportive,127.52,45.64,291.75,33.88,139.58,27.74,0.305555556,0.25,0.444444444,22,18,32
547239,173,14,0,159,Defensive,70.28,23.43,0,33.61,1279.2,77.08,0.080924855,0.919075145,0,14,159,0
368754,147,1,57,89,Defensive,6.18,45.06,549.72,55.81,887.85,71.5,0.006802721,0.605442177,0.387755102,1,89,57
106146,166,69,39,58,Aggressive,523.14,39.8,388.02,41.38,566.81,76.73,0.415662651,0.34939759,0.234939759,69,58,39
695822,97,42,39,16,Aggressive,244.33,67.5,342.97,57.45,132.81,27.68,0.432989691,0.164948454,0.402061856,42,16,39
549361,135,11,82,42,Supportive,74.95,53.11,405.96,49.07,406.96,77.72,0.081481481,0.311111111,0.607407407,11,42,82
527742,62,39,7,16,Aggressive,210.1,22.18,42.16,41.19,71.34,47.15,0.629032258,0.258064516,0.112903226,39,16,7
259486,90,43,18,29,Aggressive,266.28,75.51,99.19,31.97,233.06,68.8,0.477777778,0.322222222,0.2,43,29,18
415959,188,53,43,92,Defensive,240.24,74.9,218.67,61.94,505.67,53.44,0.281914894,0.489361702,0.228723404,53,92,43
102023,59,17,9,33,Defensive,124.42,35.87,39.29,42.26,135.29,28.08,0.288135593,0.559322034,0.152542373,17,33,9
523106,92,68,21,3,Aggressive,454.22,74.45,90.9,25.66,24.29,39.86,0.739130435,0.032608696,0.22826087,68,3,21
538136,89,18,7,64,Defensive,175.3,20.78,46.27,60.44,311.17,65.5,0.202247191,0.719101124,0.078651685,18,64,7
606888,77,34,38,5,Supportive,240.44,55.63,155.68,20.27,31.41,33.63,0.441558442,0.064935065,0.493506494,34,5,38
545031,184,6,54,124,Defensive,28.66,28.3,448.07,66.32,877.87,61.42,0.032608696,0.673913043,0.293478261,6,124,54
681619,176,2,87,87,Defensive,14.94,78.08,839.12,70.52,437.13,28.53,0.011363636,0.494318182,0.494318182,2,87,87
130676,78,47,0,31,Aggressive,206.18,27.92,0,21.58,133.87,24.63,0.602564103,0.397435897,0,47,31,0
127073,134,20,96,18,Supportive,106.85,45.84,661.43,59.45,77.64,28.17,0.149253731,0.134328358,0.71641791,20,18,96
627699,158,96,34,28,Aggressive,641.04,68.72,224.3,70.2,191.19,21.17,0.607594937,0.17721519,0.215189873,96,28,34
544582,174,116,44,14,Aggressive,1107.77,79.04,430.79,60.54,121.8,27.02,0.666666667,0.08045977,0.252873563,116,14,44
742673,130,26,96,8,Supportive,234.39,51.88,641.33,75.83,54.67,32.17,0.2,0.061538462,0.738461538,26,8,96
994983,168,34,126,8,Supportive,213.64,23.08,1220.64,79.96,55.37,38.59,0.202380952,0.047619048,0.75,34,8,126
346636,178,9,150,19,Supportive,66.89,22.87,711.5,57.59,107.55,43.56,0.050561798,0.106741573,0.842696629,9,19,150
921884,68,36,27,5,Aggressive,283.43,65.08,166.36,39.62,20.99,37.8,0.529411765,0.073529412,0.397058824,36,5,27
192141,140,30,91,19,Supportive,263.72,65.75,849.31,54,79.15,29.22,0.214285714,0.135714286,0.65,30,19,91
741733,91,20,54,17,Supportive,84.74,27.34,304.35,59.97,140.47,20.63,0.21978022,0.186813187,0.593406593,20,17,54
342889,154,45,100,9,Supportive,185.28,20.66,465.12,70.71,55.86,39.83,0.292207792,0.058441558,0.649350649,45,9,100
245284,90,16,0,74,Defensive,119.5,45.45,0,21.77,443.99,29.79,0.177777778,0.822222222,0,16,74,0
394899,109,25,73,11,Supportive,123.87,44.59,633.19,55.64,59.02,42.71,0.229357798,0.100917431,0.669724771,25,11,73
802344,128,33,92,3,Supportive,271.68,51.43,590.65,59.38,13.25,46.59,0.2578125,0.0234375,0.71875,33,3,92
890309,186,103,27,56,Aggressive,536.56,33.44,235.49,76.1,500.05,51.71,0.553763441,0.301075269,0.14516129,103,56,27
251434,52,16,22,14,Supportive,65.81,43.06,153.62,31.36,113.39,39.68,0.307692308,0.269230769,0.423076923,16,14,22
908857,181,43,45,93,Defensive,215.06,54.18,206.91,24.48,584.63,30.32,0.237569061,0.513812155,0.248618785,43,93,45
516875,104,21,32,51,Defensive,124.34,66.59,130.39,24.54,432.89,60.88,0.201923077,0.490384615,0.307692308,21,51,32
771452,191,105,46,40,Aggressive,610.34,68.33,403.11,51.37,234.16,65.63,0.54973822,0.209424084,0.240837696,105,40,46
187821,152,112,21,19,Aggressive,453.13,26.4,149.84,25.65,80.34,24.95,0.736842105,0.125,0.138157895,112,19,21
772288,124,95,27,2,Aggressive,877.82,51.19,109.96,45.84,8.23,23.37,0.766129032,0.016129032,0.217741935,95,2,27
408448,93,14,47,32,Supportive,122.32,46.45,332.46,54.28,288.59,39.56,0.150537634,0.344086022,0.505376344,14,32,47
215560,129,53,59,17,Supportive,346.53,59.62,348.44,56.83,166.67,45.72,0.410852713,0.131782946,0.457364341,53,17,59
394867,170,30,9,131,Defensive,161.08,39.28,61.43,45.94,671.97,63.83,0.176470588,0.770588235,0.052941176,30,131,9
880473,127,1,115,11,Supportive,5.31,29.63,898.95,55.19,79.41,25.58,0.007874016,0.086614173,0.905511811,1,11,115
302361,113,10,1,102,Defensive,74.12,22.39,6.18,34.02,571.86,41.91,0.088495575,0.902654867,0.008849558,10,102,1
638021,114,94,9,11,Aggressive,553.73,61.66,83.51,41.97,81.65,43.35,0.824561404,0.096491228,0.078947368,94,11,9
278362,83,73,4,6,Aggressive,591.95,71.79,37.23,21.46,35.03,20.41,0.879518072,0.072289157,0.048192771,73,6,4
173743,175,21,131,23,Supportive,163.02,24.32,1080.68,52.47,154.42,51.22,0.12,0.131428571,0.748571429,21,23,131
270269,96,81,8,7,Aggressive,384.37,78.16,69.09,39.81,31.61,45.48,0.84375,0.072916667,0.083333333,81,7,8
748756,157,14,11,132,Defensive,85.63,30.38,44.2,32.95,952,66.04,0.089171975,0.840764331,0.070063694,14,132,11
950421,164,43,57,64,Supportive,246.21,55.95,376.58,112.23,298.5,77.82,0.262195122,0.390243902,0.347560976,43,64,57
325640,179,65,6,108,Defensive,466.67,67.98,38.85,24.64,570.77,67.59,0.363128492,0.603351955,0.033519553,65,108,6
859857,68,41,1,26,Defensive,382.34,72.5,4.26,43.56,205.04,106.56,0.602941176,0.382352941,0.014705882,41,26,1
783804,134,10,102,22,Supportive,98.59,78.41,622.33,75.26,129.59,33.27,0.074626866,0.164179104,0.76119403,10,22,102
912391,102,61,15,26,Aggressive,425,56.63,120.83,47.03,211.47,59.04,0.598039216,0.254901961,0.147058824,61,26,15
